,id,name
0,"['645468041', '641184334', '604952859', '583203462', '579102576', '574911309', '574278054', '564234675', '558429966', '556591618']",파라디소 페르두또 이탈리안 카페 & 키친
1,"['650842364', '595514917', '578441384', '556299002', '546353976', '509891793', '500855629', '452302921', '447612642', '444816519']",늘봄 흙돼지
2,"['675221124', '674539394', '673890391', '665877474', '654984237', '646190219', '623629022', '623056051', '613958622', '604813770']",고집돌우럭
3,"['657139508', '636601816', '581016266', '577614662', '539415039', '524986903', '499256017', '474453841', '472560014', '454473351']",산방식당
4,"['658363172', '646790541', '626619185', '616821414', '604841990', '583531166', '579417467', '566471108', '549608414', '547432328']",안거리밖거리
5,"['672493574', '621007153', '533167500', '520245860', '500438805', '351806702', '351748921', '349825987', '327346422', '324783956']",명동전주중앙회관
6,"['672489684', '660231061', '561818269', '553682327', '545169387', '496120461', '467151813', '427419641', '408511685', '396033522']",엔그릴
7,"['586161051', '584560047', '582444874', '581320241', '579611010', '577294136', '576492048', '556798086', '491374972', '336164626']",꾸띠 자르당
8,"['647302819', '646981552', '620678309', '548929352', '544320780', '495097504', '442147606', '411246740', '377887590', '370788855']",서울서 둘째로 잘하는 집
9,"['673441495', '666959429', '661885044', '628240965', '623349225', '351253661', '305580179', '200309366', '673196200', '592065163']",파올로 데 마리아
10,"['671607935', '662695183', '655370462', '641899876', '629767741', '620411224', '618814510', '618131768', '613981627', '613308932']",BLT 스테이크
11,"['672490473', '658690062', '604133229', '571374454', '631244357', '526982836', '526953915', '420047407', '343448706', '338310656']",인도로가는길 레스토랑
12,"['631160836', '599710495', '583815889', '556013845', '552613120', '543908236', '540694632', '455903036', '444116783', '422712798']",미가본
13,"['659131548', '605226838', '596343968', '593011126', '583180394', '543983876', '541109924', '541095675', '540317297', '529857230']",연남서식당
14,"['672666004', '666102500', '652880987', '648495926', '646170793', '616415530', '609012319', '597071158', '583661294', '581087074']",자매집
15,"['672373383', '659122713', '650423972', '645827052', '640616984', '635951962', '635918696', '635137497', '622012531', '609012042']",쟈니덤플링
16,"['664109239', '652881273', '647893580', '636916570', '632832420', '632477593', '611222304', '594782893', '573433095', '564771912']",아리아
17,"['659774300', '658377771', '629586188', '626079684', '591611542', '583207346', '523917716', '475796144', '465528424', '442595942']",우드앤브릭
18,"['666223344', '655102797', '582538480', '581339294', '550134342', '518404659', '507972966', '502190019', '501777382', '492940746']",에베레스트 커리월드레스토랑
19,"['669349179', '655925696', '650676869', '650481554', '626893524', '622323441', '566383847', '549231813', '525876285', '447120291']",개성만두 궁
20,"['498414885', '488853370', '480991245', '467308731', '453391807', '453080991', '421824849', '383529761', '383477191', '379348762']",자연산횟집
21,"['665173781', '659008619', '614983441', '613052525', '612829072', '612777635', '612753817', '586285752', '565539557', '541139785']",더 플라잉 팬 블루
22,"['674961125', '541739195', '528688506', '508295366', '462649575', '460682169', '406466767', '379196590', '360084036', '348170099']",원조 쌈밥집 논현 본점
23,"['648497886', '633015012', '609046468', '599477732', '574639598', '565714273', '549222217', '547771372', '546158171', '544317771']",미즈컨테이너
24,"['672074042', '662707267', '588620746', '575050232', '541057611', '529458733', '518240929', '448463216', '438886692', '416915496']",민트
25,"['659553112', '647351397', '646709950', '627673810', '608232956', '603110286', '565720202', '562108678', '549230938', '546974493']",먹쉬돈나 삼청동점
26,"['668056882', '652879832', '580296886', '560806619', '538905799', '447070447', '419817132', '343898973', '338344642', '331515862']",스와니예
27,"['663167092', '629861582', '589422176', '550377488', '542633411', '499365405', '378174736', '338357743', '326804553', '323149553']",진 원조 보신 닭한마리 본점
28,"['662978844', '655925464', '641326434', '610097499', '566384172', '543975550', '494223657', '445800674', '383135036', '329848493']",전통 다원
29,"['672492898', '584046390', '562449744', '552927106', '543068474', '542822803', '541212464', '394026472', '390307286', '375688583']",홍대 닭갈비
30,"['652928628', '636377377', '630895224', '615576315', '612730789', '597202625', '587747323', '586806319', '572404322', '568327634']",춘심이네 본점
31,"['673603530', '673123574', '639360621', '624591612', '587644553', '568651534', '561619534', '561383473', '550122974', '541099517']",브레라
32,"['660056725', '600777172', '529454230', '511052893', '502358347', '485141579', '480863854', '468991089', '436725023', '426888937']",오조해녀의집
33,"['613665042', '603166583', '593519384', '582072983', '581306322', '581178577', '577658296', '577052869', '576355000', '575801496']",랑빠스81
34,"['665199943', '663789550', '662694260', '657278860', '656681440', '649241504', '642983095', '397814936', '165277298', '629539807']",오다리집 명동
35,"['659164875', '626905606', '594690265', '588702442', '579421686', '545164767', '540316330', '530653759', '494921356', '454933724']",원조 원할매 닭한마리
36,"['630181033', '617808139', '616354376', '586193057', '582135002', '565037335', '544316798', '542134174', '528175930', '467829918']",명동닭한마리 본점
37,"['664244869', '656144436', '637911179', '637259765', '632265187', '630177882', '620587617', '620328054', '613120675', '609011721']",라세느
38,"['670796043', '647059721', '640605976', '628772828', '628327011', '613869154', '611744503', '599711924', '552644464', '550619109']",라이너스 바베큐
39,"['651058097', '600655775', '554568873', '517975918', '504744772', '483995401', '423742449', '386792910', '358874272', '351506705']",단풍나무 집 삼청동점
40,"['672074042', '662707267', '588620746', '575050232', '541057611', '529458733', '518240929', '448463216', '438886692', '416915496']",민트
41,"['672494379', '668925912', '546757190', '516159496', '505644370', '405074229', '331344407', '329440656', '328897874', '322305318']",츄리 츄리
42,"['671819380', '670340318', '664728397', '660468580', '653664783', '650253247', '629998498', '619988714', '569886738', '558905769']",모모야마
43,"['648287648', '430166612', '323068699', '164361010', '164361012', '164361014', '164361016', '164361018', '666315872', '661572440']",라지마할
44,"['672493246', '628735992', '548529244', '545657814', '543722759', '538222789', '402812040', '373697903', '367785775', '355159208']",바토스 신사점
45,"['675221124', '674539394', '673890391', '665877474', '654984237', '646190219', '623629022', '623056051', '613958622', '604813770']",고집돌우럭
46,"['624618053', '621010657', '559160719', '500098286', '465289616', '443478284', '324779444', '320888156', '311192704', '218981904']",고궁 명동점
47,"['657139508', '636601816', '581016266', '577614662', '539415039', '524986903', '499256017', '474453841', '472560014', '454473351']",산방식당
48,"['654035385', '646981227', '640785923', '631800192', '604519445', '579571436', '542635150', '541123596', '533007796', '489336035']",마포만두
49,"['670005775', '658174129', '321300105', '252864931', '240914952', '240914791', '239119211', '624821611', '621715210', '621714856']",사우스사이드팔러
50,"['665904360', '648743366', '623084802', '605595394', '589646581', '578183257', '566550393', '562461130', '544232221', '541116652']",을밀대
51,"['660056725', '600777172', '529454230', '511052893', '502358347', '485141579', '480863854', '468991089', '436725023', '426888937']",오조해녀의집
52,"['648433481', '639002208', '631447399', '603593632', '594941230', '587105365', '581546353', '542190973', '541981806', '483809536']",가나안덕 일산본점
53,"['652928628', '636377377', '630895224', '615576315', '612730789', '597202625', '587747323', '586806319', '572404322', '568327634']",춘심이네 본점
54,"['650842364', '595514917', '578441384', '556299002', '546353976', '509891793', '500855629', '452302921', '447612642', '444816519']",늘봄 흙돼지
55,"['658363172', '646790541', '626619185', '616821414', '604841990', '583531166', '579417467', '566471108', '549608414', '547432328']",안거리밖거리
56,"['674495515', '653279474', '645661640', '618078822', '584679789', '567773109', '565542883', '561036427', '544591862', '544317633']",밀탑
57,"['674961618', '665640924', '640850852', '541091753', '538691528', '473074965', '310665226', '165277222', '596109241', '540680303']",느티나무 설렁탕
58,"['673205593', '652934814', '642608500', '635905182', '629843912', '608728415', '594682383', '582533419', '571185189', '564213690']",정식당
59,"['662368654', '653141563', '641247122', '630945560', '624617346', '624371447', '620675718', '617572852', '608690362', '600008404']",보칼리노
60,"['664244869', '656144436', '637911179', '637259765', '632265187', '630177882', '620587617', '620328054', '613120675', '609011721']",라세느
61,"['636291383', '623908762', '603163780', '563648121', '552643364', '551953526', '545633323', '541120076', '524490811', '504631828']",탑 클라우드
62,"['645267103', '564511506', '543263330', '540098490', '526902461', '419318222', '378568034', '377859454', '376941286', '360257705']",수연 산방
63,"['631160836', '599710495', '583815889', '556013845', '552613120', '543908236', '540694632', '455903036', '444116783', '422712798']",미가본
64,"['674961980', '657280968', '543792346', '542550013', '541281035', '529374486', '500744460', '490864293', '431360191', '362430328']",양미옥
65,"['653662999', '646980751', '640772015', '633876803', '624866442', '616808377', '603162984', '596113295', '582596379', '581577761']",만족오향족발 시청점
66,"['621005296', '584495462', '541935875', '514551059', '444152842', '387306535', '340364620', '314227070', '165277739', '165277740']",원당감자탕 명동2호점
67,"['601991492', '556208504', '543510549', '541863237', '528921684', '527970239', '500502591', '450555561', '438723141', '422073701']",37 그릴 & 바
68,"['674079835', '625758551', '569344973', '545674872', '544118033', '541121550', '446545078', '440791836', '424633086', '397553746']",신촌 황소곱창
69,"['675139338', '664365920', '646982074', '628618092', '606554294', '597583471', '590974084', '588638873', '580513371', '565543115']",버터핑거 팬케이크 강남점
70,"['668780123', '653875374', '600132640', '571371874', '544498681', '541709772', '496510744', '444692213', '435021447', '410919286']",벽제 갈비
71,"['654020057', '651184771', '639826710', '593480299', '584707025', '573855922', '562608091', '558031686', '544517866', '543317557']",구르카 인도 레스토랑
72,"['674962330', '657281101', '586944689', '553291556', '552824976', '542904043', '541122279', '523286666', '428252610', '407775069']",페트라
73,"['617560598', '590100908', '555330673', '527930268', '521594066', '501749466', '470466238', '462918464', '454389245', '320597581']",오세계향
74,"['635875937', '598168309', '543068150', '453487346', '373939413', '365630757', '334336057', '329512692', '329495528', '329437407']",루블랑
75,"['658558128', '565719135', '364975274', '340634868', '334745645', '329723349', '329393365', '323444098', '323395248', '322825206']",제임스 치즈 등갈비 홍대 본점
76,"['653875078', '559165286', '533604500', '324779169', '311193216', '671072713', '656458364', '641755424', '632959952', '613370542']",오우가
77,"['545884157', '524284790', '460859610', '433835263', '416770583', '373014367', '365505973', '359193643', '320896718', '311214168']",매니멀스모크하우스
78,"['674302328', '647890722', '630179802', '599726911', '559673605', '549451407', '541114656', '507709386', '476491699', '447751813']",우래옥 주교점
79,"['673441495', '666959429', '661885044', '628240965', '623349225', '351253661', '305580179', '200309366', '673196200', '592065163']",파올로 데 마리아
80,"['639848471', '606196072', '544318967', '540098186', '535065648', '532790868', '377319218', '358023966', '346433356', '343967196']",불고기 브라더스 서울 파이낸스 센터점
81,"['643189455', '623349599', '538014842', '457027531', '395362350', '395359437', '395359377', '395357551', '395080321', '375653332']",페닌슐라
82,"['599421799', '492903919', '482912504', '481095714', '406464319', '390595250', '364260646', '341793907', '329830203', '327568975']",육쌈냉면 홍대점
83,"['654217608', '652522547', '650430375', '590142581', '578408154', '568580101', '568197091', '540523893', '517666778', '507979820']",브릭 오븐 뉴욕 피자
84,"['643407805', '632882915', '593477820', '673131201', '641700874', '604485902', '588690608', '585945229', '582802782', '582731316']",예지식당
85,"['669762788', '644741943', '641449221', '634090360', '572031217', '566829876', '564222172', '560171248', '555545598', '547757255']",브라이 리퍼블릭
86,"['669858822', '632830654', '620587878', '613310429', '577696809', '574478547', '558582772', '545231295', '541264730', '539049822']",제스트
87,"['575576008', '546351580', '516894284', '512132118', '440316210', '438318359', '433203812', '428732061', '408652250', '402250314']",브루클린 더 버거 조인트 삼성점
88,"['659015155', '596061983', '356213749', '322570917', '320817706', '313928261', '312825293', '310660819', '666606684', '613647177']",서울 삼계탕
89,"['609504009', '584131917', '582163849', '580918731', '571238297', '569032736', '568857804', '566446406', '566001318', '565586047']",WXYZ바
90,"['620489449', '619889259', '607940158', '603164238', '599837546', '595413799', '578455482', '525302120', '476423781', '453244388']",고봉 삼계탕
91,"['675095193', '666319393', '599441417', '577377850', '551654563', '550589930', '550364643', '546008932', '543457773', '520642815']",툭툭 누들타이
92,"['629104907', '579417432', '545255902', '544317476', '541984911', '541934251', '511775341', '494921867', '449448500', '443198971']",유가네 닭갈비 명동1호점
93,"['550482975', '544518520', '538985359', '531005367', '521695219', '486871448', '475122955', '463654279', '456103439', '445591664']",더 킹스
94,"['669627679', '640406196', '613085289', '581136423', '557117095', '544324606', '531078328', '516167100', '474468739', '451833073']",마포 진짜 원조 최대포
95,"['644670229', '554840479', '543490525', '541367028', '541250284', '531118073', '503747205', '493158550', '482083787', '474389894']",모모 카페
96,"['542735473', '541221473', '500109018', '446519020', '410037663', '343916131', '329925285', '298100082', '278078160', '671467628']",단풍나무 집 강남역점
97,"['650146736', '555325781', '541724946', '541361949', '490521513', '423390471', '315003111', '305173283', '197577150', '164359698']",아리랑
98,"['653874893', '609404572', '571031378', '543620693', '543375031', '543316992', '541713590', '476022926', '397817270', '382382662']",스쿨푸드 명동엠플라자점
99,"['558017076', '546295153', '545871015', '511733002', '413363318', '351798230', '335047616', '323051635', '315063305', '310378140']",피자 필
100,"['647708570', '627285276', '553803768', '547972114', '541125426', '541013786', '481626370', '438199731', '388387669', '344154246']",원스인어블루문
101,"['657538557', '629665654', '628229438', '620439790', '604479232', '567170181', '564126708', '556328057', '541888764', '508276176']",텍사스 데 브라질
102,"['559722977', '551382851', '546327932', '451803308', '440796351', '423177276', '404290299', '378488366', '625443797', '624186179']",제임스치즈등갈비 명동점
103,"['565788042', '554778633', '541222366', '496997577', '391005478', '382087152', '372368403', '365419607', '351983106', '343985812']",강남면옥
104,"['635018911', '614845342', '590851716', '588885785', '567786839', '562805381', '543381651', '542990790', '542559078', '541257088']",울프강스테이크하우스코리아
105,"['671331391', '660779549', '656905913', '650967416', '645461330', '626684324', '608303254', '588754100', '585880176', '567699961']",숙영식당
106,"['631428406', '548942829', '545674033', '545169428', '446205827', '358896256', '343969678', '331960548', '320652945', '317188620']",한쿡 N서울타워점
107,"['659016154', '574370216', '555427718', '544323083', '542733743', '541209128', '478101835', '451114589', '374824049', '355179655']",매드포갈릭 강남점
108,"['674079835', '625758551', '569344973', '545674872', '544118033', '541121550', '446545078', '440791836', '424633086', '397553746']",신촌 황소곱창
109,"['658690064', '544135650', '544007907', '543719954', '540879269', '372245810', '370797436', '358648464', '347501717', '346521042']",홍콩반점0410 명동점
110,"['664365456', '631518092', '628921831', '626358991', '613701135', '601017835', '571397136', '570076400', '541223167', '461734672']",강남교자
111,"['673123280', '664358152', '651580312', '625355674', '553670900', '544675484', '530939899', '509038233', '504316425', '480742253']",명월관
112,"['659737747', '641386093', '629084025', '545387411', '543804051', '449038167', '423688582', '408654386', '362499114', '340182766']",스쿨푸드 가로수길점
113,"['669627679', '640406196', '613085289', '581136423', '557117095', '544324606', '531078328', '516167100', '474468739', '451833073']",마포 진짜 원조 최대포
114,"['165277896', '165277898', '165277899', '165277902', '165277904', '662141917', '652259036', '637905662', '598385362', '597788268']",우리 가든
115,"['675135225', '641325905', '628301259', '548523757', '546756828', '538619070', '528605022', '522957856', '471015223', '450043549']",발우공양
116,"['623349781', '557198624', '551382276', '492074705', '435765059', '432013448', '339894162', '335986657', '319978229', '574996491']",다담
117,"['674963328', '652436551', '640851089', '565602304', '564165420', '544320940', '543775010', '531576546', '507951871', '479063105']",에베레스트
118,"['633707090', '600329401', '570057741', '543173177', '517707843', '509139963', '507609583', '468721569', '450635111', '369751664']",CJ 푸드월드
119,"['658372431', '629265741', '616596302', '574651329', '558802133', '549444139', '549232170', '543790030', '542085642', '530432207']",삼청동 수제비
120,"['657281317', '601971608', '544887305', '540082398', '518199227', '490521581', '476256490', '460858812', '432622652', '428311834']",젤렌 이태원 본점
121,"['674964754', '668780031', '612874781', '437254066', '378487854', '357196458', '321485417', '315920960', '311447558', '604628790']",호봉토스트
122,"['658159897', '598460980', '545411601', '544323250', '492067319', '452493676', '385965634', '335666525', '330818058', '328483367']",왕 타이
123,"['601991492', '556208504', '543510549', '541863237', '528921684', '527970239', '500502591', '450555561', '438723141', '422073701']",37 그릴 & 바
124,"['674963693', '666551944', '640852300', '525483746', '492124631', '418689515', '403207506', '377889436', '375490746', '345113348']",일미 간장 게장
125,"['658377794', '657955456', '613644063', '543926300', '432645773', '323091108', '261815327', '222095831', '164361287', '164361292']",울프하운드 아이리쉬 펍 & 레스토랑
126,"['635875951', '591619612', '541034936', '537569669', '460274725', '450931366', '432145244', '409841101', '381263029', '372715638']",페어링룸
127,"['612738483', '566443530', '423178565', '399528324', '321484609', '666175438', '665898223', '629271408', '626754750', '622797073']",치킨 678 명동
128,"['622120822', '329111072', '322547232', '232315981', '165278448', '165278451', '165278454', '165278455', '165278459', '671502699']",산촌
129,"['655086379', '606361772', '559541781', '558903682', '546302627', '523971915', '520996536', '506098464', '489518966', '482646744']",피짜 무쪼
130,"['659843881', '632333907', '614597862', '565581715', '550392592', '546982943', '541040449', '526031022', '486042980', '486042813']",큰기와집
131,"['668780123', '653875374', '600132640', '571371874', '544498681', '541709772', '496510744', '444692213', '435021447', '410919286']",벽제 갈비
132,"['675147024', '666687796', '637528169', '585879891', '554680907', '543469615', '539286398', '530928509', '525393072', '507962094']",홍시한정식
133,"['626841466', '619669687', '583267451', '569168892', '567670000', '565585814', '556611533', '549384865', '546127428', '519964481']",요석궁
134,"['673438541', '651703364', '578042258', '560954233', '549208127', '546328133', '545197601', '541047006', '539894058', '523127174']",경주천년한우 보문점
135,"['444115808', '346115025', '342790418', '331346652', '329919909', '323088305', '321737473', '164360749', '164360753', '164360755']",타지 명동점
136,"['666538696', '655312466', '646301462', '638561273', '622651437', '613454741', '607243351', '581972681', '577831638', '574114082']",함양집
137,"['674945997', '659203613', '656961712', '651988310', '621692521', '616991703', '611787428', '609063461', '607200138', '603693356']",맷돌순두부
138,"['666061458', '650899230', '601133513', '594487535', '586302573', '572683240', '559511441', '546522527', '544005930', '542573994']",도솔마을
139,"['665868469', '639703444', '632054798', '570730726', '545878704', '534771229', '523607280', '513982649', '509682063', '508406170']",별채반 교동쌈밥
140,"['671741184', '671149581', '670582794', '665943873', '664106955', '650607952', '648851869', '648232095', '646716293', '640022024']",삼백집
141,"['672904226', '672064614', '671822886', '671725563', '632705853', '627790055', '590753241', '546295421', '545883077', '542120522']",부다스밸리 이태원점
142,"['671742218', '665946881', '651937568', '642539543', '640021836', '626464142', '620828824', '603544500', '602817989', '555784959']",현대옥 남부시장점
143,"['655926031', '634096190', '596556294', '565185308', '551383103', '541032961', '537294316', '523289033', '517757381', '512995496']",오장동 흥남집
144,"['671037600', '628257622', '627620759', '618352280', '617816420', '583815092', '569089846', '546356771', '542907894', '533141936']",딘타이펑 명동중앙점
145,"['651602786', '588644326', '586922763', '579763474', '556607375', '552438266', '541419454', '482804203', '447356185', '447050958']","코너스톤, 파크 하얏트 서울"
146,"['623349409', '557200162', '479399359', '449061978', '423336442', '406380884', '393507552', '359661097', '347021619', '341396835']",Brasserie
147,"['672123996', '665945253', '650865014', '640022305', '639005042', '635237780', '573370082', '561830739', '549450456', '543715873']",왱이콩나물국밥
148,"['626645748', '544335864', '533025418', '500100468', '428702925', '408664587', '403099441', '376016054', '351795951', '343968294']",원당감자탕 명동1호점
149,"['662139576', '543926638', '541124328', '516194596', '414388964', '344392120', '336154556', '315231135', '315038255', '310041988']",케르반레스토랑 이태원점
150,"['669769053', '580521444', '576173345', '546303028', '544320559', '543739434', '543136907', '541936573', '500098572', '336207543']",본죽 명동점
151,"['622642175', '621631413', '619575411', '618380015', '606888091', '581583664', '575843865', '556982993', '555992677', '555426066']",새벽집 청담점
152,"['671732006', '670406261', '653875852', '648502223', '646273829', '612875873', '582533509', '543289655', '499692241', '478558087']",하동관
153,"['670582247', '655830778', '647317875', '632985436', '621640335', '607515250', '601643267', '578907271', '574092180', '573224780']",한국집
154,"['662225327', '646716138', '641182517', '626719732', '580939203', '568337920', '556241742', '554523528', '549451003', '547463607']",길거리야
155,"['672916233', '666628208', '657929498', '655831355', '642321775', '641252145', '638441001', '633757946', '632988493', '632467012']",베테랑
156,"['671462975', '671147236', '642484059', '641283328', '632993887', '630266281', '620468294', '619669203', '598712457', '596334443']",남문피순대
157,"['671306200', '606386136', '600352586', '590204356', '589924796', '571033042', '548319418', '546446132', '543917691', '541363314']",글램 라운지
158,"['553035956', '541044490', '519743532', '503087134', '480759316', '356007898', '270703700', '163579631', '164359887', '165277276']",필경재
159,"['645468041', '641184334', '604952859', '583203462', '579102576', '574911309', '574278054', '564234675', '558429966', '556591618']",파라디소 페르두또 이탈리안 카페 & 키친
160,"['331346608', '321484341', '165278198', '165278200', '165278202', '165278204', '165278207', '484629368', '300478855']",명동 영양 죽
161,"['635875937', '598168309', '543068150', '453487346', '373939413', '365630757', '334336057', '329512692', '329495528', '329437407']",루블랑
162,"['660243783', '591613377', '553311308', '543918745', '385111118', '369755538', '329912206', '324279081', '315251127', '311999480']",코리아노스 키친
163,"['650472167', '644153467', '643513232', '635104357', '634563103', '627370767', '579102089', '574634829', '574488919', '565756083']",한일옥
164,"['665396429', '665396343', '664916105', '663667598', '663634438', '663628688', '663625742', '663589108', '663344224', '663338400']",택대리네 인사동마늘보쌈
165,"['601094924', '591033425', '574490807', '425208150', '391256756', '356237220', '351172017', '350945126', '349533043', '329855610']",오브라이언즈 아이리쉬 펍 & 레스토랑
166,"['509228109', '508979914', '407072670', '403886852', '375363590', '321451646', '624287479', '603454430', '583288004', '582508336']",Bistro Zum Spatz
167,"['663357961', '654868247', '641501013', '563793962', '558802955', '544909187', '516613651', '490218891', '489309389', '460255530']",한옥집 김치찜 서대문본점
168,"['643982043', '636228731', '591033635', '540021194', '528164990', '484524879', '430787486', '388639199', '376356656', '376309002']",봄베이인도요리전문점
169,"['671460930', '647315978', '641181962', '637911017', '603550066', '602818331', '542737704', '529290245', '520085741', '481427664']",가족회관
170,"['556221888', '504102691', '488142609', '463663950', '460797674', '458591596', '457247381', '453710724', '451583375', '445780856']",웨이투인디아
171,"['543919003', '538472157', '468203391', '452922171', '359619172', '350743728', '347030613', '346174721', '338032742', '330766002']",트레비아 녹사평점
172,"['640853130', '614611951', '564253024', '523039435', '476340857', '463467329', '406357555', '398288849', '377546449', '366198139']",콩두
173,"['671741184', '671149581', '670582794', '665943873', '664106955', '650607952', '648851869', '648232095', '646716293', '640022024']",삼백집
174,"['564999989', '556046303', '542592330', '541114943', '541104548', '485491723', '474910874', '430864255', '389301249', '357804435']",모티마할
175,"['521810827', '351207694', '326895388', '164361146', '164361148', '164361149', '164361153', '164361155', '668475310', '612487109']",라나 레스토랑
176,"['639217030', '637524695', '565038886', '515899378', '342264987', '335855729', '317018796', '635142499', '633952428', '633938136']",브라이 리퍼블릭 평택
177,"['668780192', '591363636', '546362133', '545642668', '543299397', '476049461', '335338140', '665659250', '603005003', '543738731']",부산갈비
178,"['662225327', '646716138', '641182517', '626719732', '580939203', '568337920', '556241742', '554523528', '549451003', '547463607']",길거리야
179,"['661268079', '653876288', '641395531', '592721973', '546723359', '545278547', '542233657', '499555713', '482661948', '471523967']",토다이 명동점
180,"['657699936', '654229752', '651702900', '637539691', '623799506', '544915534', '542594210', '541050554', '540165367', '539964312']",아웃백스테이크하우스 창원 중앙점
181,"['670582247', '655830778', '647317875', '632985436', '621640335', '607515250', '601643267', '578907271', '574092180', '573224780']",한국집
182,"['671742218', '665946881', '651937568', '642539543', '640021836', '626464142', '620828824', '603544500', '602817989', '555784959']",현대옥 남부시장점
183,"['672123996', '665945253', '650865014', '640022305', '639005042', '635237780', '573370082', '561830739', '549450456', '543715873']",왱이콩나물국밥
184,"['640992903', '633874604', '587577034', '541115575', '456541120', '377248311', '365108609', '328920071', '304276179', '631719187']",인사동그집
185,"['640852670', '500102481', '432028256', '411197968', '333954522', '329917159', '322213525', '165277982', '132785336', '165277983']",백제삼계탕
186,"['671462975', '671147236', '642484059', '641283328', '632993887', '630266281', '620468294', '619669203', '598712457', '596334443']",남문피순대
187,"['456065048', '431656817', '329824549', '328980006', '317887330', '308376419', '670947451', '668034497', '664137829', '631174700']",프로 간장 게장 삼성점
188,"['664645190', '646989232', '638442262', '616844823', '594222881', '580357489', '550567752', '548521573', '539955583', '512451890']",오모리 찌개 잠실 본점
189,"['592683986', '330936180', '324586225', '321484004', '315008168', '305306253', '258328251', '165278225', '165278228', '165278230']",명동 순두부
190,"['672916233', '666628208', '657929498', '655831355', '642321775', '641252145', '638441001', '633757946', '632988493', '632467012']",베테랑
191,"['619590670', '547776289', '373032463', '323381405', '164360385', '164360387', '164360391', '164360393', '164360395', '672461851']",사프란 레스토랑
192,"['672709023', '663644724', '658362503', '653595168', '619751404', '563080754', '547753761', '526715562', '526019306', '504164782']",무궁화
193,"['658558128', '565719135', '364975274', '340634868', '334745645', '329723349', '329393365', '323444098', '323395248', '322825206']",제임스 치즈 등갈비 홍대 본점
194,"['658783350', '648630806', '641741347', '624382665', '622538499', '595109508', '587532048', '443414586', '430458642', '382338475']",마츠
195,"['671460930', '647315978', '641181962', '637911017', '603550066', '602818331', '542737704', '529290245', '520085741', '481427664']",가족회관
196,"['656709465', '633512811', '628837397', '616496796', '600565935', '554834932', '542118293', '534482724', '531864463', '508249904']",데블스도어
197,"['674913029', '670666211', '660259596', '658336563', '657929737', '657557915', '653815258', '650874427', '650857020', '650330499']",테라로사 커피공장
198,"['674101398', '661335413', '643209731', '633287661', '582335129', '576161829', '573240456', '550776547', '549681260', '549224164']",한우타운
199,"['674912746', '661249330', '651938932', '651495669', '651047660', '650857387', '649761687', '646232889', '630966447', '629739069']",동화가든
200,"['675149050', '654767575', '654046606', '652019809', '645423228', '645290771', '642834485', '633931995', '626016080', '598321453']",와우대관령한우 진부점
201,"['657988742', '649761470', '631837038', '627628396', '623372608', '609674019', '605828817', '604145766', '603758574', '603625864']",- 버드나무 브루어리
202,"['648433481', '639002208', '631447399', '603593632', '594941230', '587105365', '581546353', '542190973', '541981806', '483809536']",가나안덕 일산본점
203,"['673701646', '580929489', '543602921', '542745488', '471877162', '456544176', '442300538', '436257423', '409830808', '386297817']",생어거스틴 경복궁점
204,"['652878950', '648170420', '641515562', '641372330', '588594286', '582097277', '543553009', '518627106', '500635921', '449244556']",나마스까르 삼산점
205,"['662225327', '646716138', '641182517', '626719732', '580939203', '568337920', '556241742', '554523528', '549451003', '547463607']",길거리야
206,"['655093620', '654624024', '651365070', '651127557', '646153726', '639059266', '639020534', '631121557', '620723630', '590136923']",크라이치즈 버거
207,"['672123996', '665945253', '650865014', '640022305', '639005042', '635237780', '573370082', '561830739', '549450456', '543715873']",왱이콩나물국밥
208,"['671742218', '665946881', '651937568', '642539543', '640021836', '626464142', '620828824', '603544500', '602817989', '555784959']",현대옥 남부시장점
209,"['670582247', '655830778', '647317875', '632985436', '621640335', '607515250', '601643267', '578907271', '574092180', '573224780']",한국집
210,"['672916233', '666628208', '657929498', '655831355', '642321775', '641252145', '638441001', '633757946', '632988493', '632467012']",베테랑
211,"['672655420', '672328128', '671255320', '667295624', '657913481', '651360353', '646167103', '642759984', '640525579', '633511464']",서울24시감자탕 서현점
212,"['638179025', '637408941', '637408225', '637119303', '636834836', '636833977', '636832657', '636831314', '636822729', '636796489']",나니아
213,"['662377403', '654218128', '644280808', '620898641', '608180912', '605582457', '596945712', '586806868', '570675291', '569836735']",소울 키친
214,"['671741184', '671149581', '670582794', '665943873', '664106955', '650607952', '648851869', '648232095', '646716293', '640022024']",삼백집
215,"['670594782', '667082321', '634584367', '634309265', '634069593', '633575672', '633542649', '613303959', '612457545', '612456920']",광원
216,"['666260729', '665958171', '657913571', '654858246', '644643041', '641064886', '636322374', '635570851', '634324903', '632946132']",우진해장국
217,"['636971765', '635701456', '592633567', '590415146', '584674659', '576249734', '561425911', '559315699', '556447785', '506642661']",마초 그릴
218,"['664630276', '663086778', '663083796', '659545035', '659403883', '659403629', '658198272', '657087407', '656247299', '654491945']",인디언키친
219,"['657141706', '654982792', '653793625', '639001599', '638319759', '633709186', '631817012', '631127671', '627648947', '626295873']",올래국수
220,"['674498621', '663005859', '659543982', '652694645', '646895613', '635586095', '622142602', '618619312', '618111004', '606187569']",더 파크뷰
221,"['655387045', '648372744', '644480533', '638320927', '623088931', '620344623', '616133800', '611521237', '605604705', '594679952']",돈사돈
222,"['643177925', '620149674', '615280819', '591286909', '575175916', '564203775', '554126939', '541507379', '534337171', '520130286']",맥파이 제주점
223,"['670801079', '665952484', '655100388', '652107717', '649057674', '648061891', '648060833', '631095055', '619229462', '614262205']",삼다정
224,"['672784698', '664630980', '664433956', '659759648', '657712805', '655911316', '652071833', '651234549', '649601299', '649253678']",명진전복
225,"['667063816', '660056923', '607485404', '586899811', '573887366', '571389884', '567492823', '567161289', '562604128', '543927141']",칠돈가
226,"['663350084', '626087544', '624418977', '600779072', '600314718', '600293777', '599749550', '598660902', '590438947', '575173640']",협재화덕 도나토스
227,"['661086460', '644884252', '631474913', '574112515', '565577715', '543723467', '542855154', '505702292', '504972165', '469334465']",스시 호시카이
228,"['658363430', '635581505', '623482295', '560753775', '556764246', '555329885', '542428902', '528277134', '506632885', '505450489']",용이식당
229,"['655129167', '653087026', '644446026', '634278641', '597255965', '590420027', '581099309', '580981915', '568187024', '562378673']",흑돈가 제주본점
230,"['662319372', '660249066', '655993655', '655128812', '654983606', '653126911', '652353738', '635249664', '633709434', '631817095']",자매국수
231,"['656180516', '649755217', '645318689', '633437121', '633312054', '622125086', '617517722', '613023435', '581100205', '566205178']",삼성혈해물탕
232,"['667292473', '661575159', '659160180', '659136762', '658766974', '656873891', '656200622', '654882750', '639043520', '631586370']",가보정
233,"['579770159', '578161309', '548527265', '545400850', '490520501', '468808575', '445504869', '414250945', '368326742', '334875045']",바그다드
234,"['656290974', '654625853', '611267126', '603005857', '582539758', '541038481', '500096022', '493674120', '484780359', '334129895']",연포 갈비
235,"['633709594', '627381364', '609388082', '581099814', '569405620', '561143878', '547477904', '544339898', '532214577', '517260703']",삼대 국수회관
236,"['669854345', '667292918', '667080074', '652753100', '651929509', '646252421', '630189505', '623885968', '603740838', '603176917']",본수원갈비
237,"['650472167', '644153467', '643513232', '635104357', '634563103', '627370767', '579102089', '574634829', '574488919', '565756083']",한일옥
238,"['643982043', '636228731', '591033635', '540021194', '528164990', '484524879', '430787486', '388639199', '376356656', '376309002']",봄베이인도요리전문점
239,"['657699936', '654229752', '651702900', '637539691', '623799506', '544915534', '542594210', '541050554', '540165367', '539964312']",아웃백스테이크하우스 창원 중앙점
240,"['659937647', '659757697', '659756064', '623363211', '621751718', '612220069', '611047359', '589142634', '577755167', '559201432']",하이 타이
241,"['660896847', '647056760', '583011832', '554113338', '468225292', '376596102', '339867681', '331096641', '328510616', '320932225']",바라지레스트랑
242,"['669518058', '659514824', '638999001', '632054628', '630857200', '621665220', '545873224', '545417026', '543250195', '542924150']",민속촌 충장로점
243,"['601094924', '591033425', '574490807', '425208150', '391256756', '356237220', '351172017', '350945126', '349533043', '329855610']",오브라이언즈 아이리쉬 펍 & 레스토랑
244,"['651904473', '613825962', '591575974', '559200310', '554280034', '539274709', '467682152', '456111716', '456110843', '452279983']",뉴살라딘
245,"['637135501', '613822328', '580962982', '543927000', '543493323', '542171373', '541996204', '527497369', '515211986', '486745861']",팬 아시아
246,"['671760834', '662369297', '653184994', '651901573', '645211304', '631481509', '629849730', '624047279', '615091773', '613823804']",중앙떡볶이
247,"['664630276', '663086778', '663083796', '659545035', '659403883', '659403629', '658198272', '657087407', '656247299', '654491945']",인디언키친
248,"['604108500', '601051992', '593129299', '550601302', '495546447', '492341708', '467510775', '467164626', '445969082', '440096686']",더 퍼스트 앨리웨이
249,"['605281648', '583012519', '540095735', '499873734', '421941094', '389041411', '384191054', '345481335', '329856015', '318191736']",리틀 이탈리아
250,"['669854345', '667292918', '667080074', '652753100', '651929509', '646252421', '630189505', '623885968', '603740838', '603176917']",본수원갈비
251,"['667292473', '661575159', '659160180', '659136762', '658766974', '656873891', '656200622', '654882750', '639043520', '631586370']",가보정
252,"['643177925', '620149674', '615280819', '591286909', '575175916', '564203775', '554126939', '541507379', '534337171', '520130286']",맥파이 제주점
253,"['662377403', '654218128', '644280808', '620898641', '608180912', '605582457', '596945712', '586806868', '570675291', '569836735']",소울 키친
254,"['670594782', '667082321', '634584367', '634309265', '634069593', '633575672', '633542649', '613303959', '612457545', '612456920']",광원
255,"['666260729', '665958171', '657913571', '654858246', '644643041', '641064886', '636322374', '635570851', '634324903', '632946132']",우진해장국
256,"['674498621', '663005859', '659543982', '652694645', '646895613', '635586095', '622142602', '618619312', '618111004', '606187569']",더 파크뷰
257,"['670801079', '665952484', '655100388', '652107717', '649057674', '648061891', '648060833', '631095055', '619229462', '614262205']",삼다정
258,"['662319372', '660249066', '655993655', '655128812', '654983606', '653126911', '652353738', '635249664', '633709434', '631817095']",자매국수
259,"['638179025', '637408941', '637408225', '637119303', '636834836', '636833977', '636832657', '636831314', '636822729', '636796489']",나니아
260,"['672784698', '664630980', '664433956', '659759648', '657712805', '655911316', '652071833', '651234549', '649601299', '649253678']",명진전복
261,"['657141706', '654982792', '653793625', '639001599', '638319759', '633709186', '631817012', '631127671', '627648947', '626295873']",올래국수
262,"['656290974', '654625853', '611267126', '603005857', '582539758', '541038481', '500096022', '493674120', '484780359', '334129895']",연포 갈비
263,"['636971765', '635701456', '592633567', '590415146', '584674659', '576249734', '561425911', '559315699', '556447785', '506642661']",마초 그릴
264,"['655387045', '648372744', '644480533', '638320927', '623088931', '620344623', '616133800', '611521237', '605604705', '594679952']",돈사돈
265,"['591034779', '546506925', '528981588', '455374527', '445751180', '400737635', '394478549', '383309661', '378251050', '634750836']",샤키즈 바 앤 그릴 3
266,"['593899186', '586171307', '575175570', '544352151', '541863364', '525174396', '521404583', '500502968', '361044079', '358317768']",아트리오
267,"['655129167', '653087026', '644446026', '634278641', '597255965', '590420027', '581099309', '580981915', '568187024', '562378673']",흑돈가 제주본점
268,"['579770159', '578161309', '548527265', '545400850', '490520501', '468808575', '445504869', '414250945', '368326742', '334875045']",바그다드
269,"['663350084', '626087544', '624418977', '600779072', '600314718', '600293777', '599749550', '598660902', '590438947', '575173640']",협재화덕 도나토스
270,"['632715072', '570382516', '537272844', '526404856', '497805140', '440783274', '394043523', '344397533', '310327326', '304264662']",큰집
271,"['661086460', '644884252', '631474913', '574112515', '565577715', '543723467', '542855154', '505702292', '504972165', '469334465']",스시 호시카이
272,"['658558687', '656257713', '643029890', '636950008', '634775440', '576118897', '574075408', '552105838', '550777135', '546918894']",딘타이펑 롯데몰 김포공항점
273,"['674567343', '674563749', '668805093', '666286399', '659448725', '659448595', '646225632', '642739176', '640923663', '640239038']",더그리핀바
274,"['673122869', '670016448', '665798448', '629109174', '599206712', '597189975', '590459811', '590413557', '585209005', '583815710']",신선설농탕 명동점
275,"['674726102', '669346651', '664158048', '660294126', '655772600', '655772304', '646748005', '644430490', '642573951', '641703520']",빅가이즈 씨푸드 홍대점
276,"['635700860', '629845091', '617479499', '554138671', '553828780', '552637494', '540549971', '512052979', '512018809', '504723265']",캐비넷
277,"['633709594', '627381364', '609388082', '581099814', '569405620', '561143878', '547477904', '544339898', '532214577', '517260703']",삼대 국수회관
278,"['590101965', '567576301', '541040133', '492066637', '378249242', '310849661']",섬진강재첩전문점
279,"['667063816', '660056923', '607485404', '586899811', '573887366', '571389884', '567492823', '567161289', '562604128', '543927141']",칠돈가
280,"['651144920', '645889172', '625306579', '591028959', '590398293', '575698656', '560598165', '560370677', '556392423', '554911980']",기장손칼국수
281,"['636995203', '630410614', '629979111', '624363744', '559897416', '546520942', '542608972', '541938969', '541475278', '540558196']",스페인클럽
282,"['658363430', '635581505', '623482295', '560753775', '556764246', '555329885', '542428902', '528277134', '506632885', '505450489']",용이식당
283,"['656180516', '649755217', '645318689', '633437121', '633312054', '622125086', '617517722', '613023435', '581100205', '566205178']",삼성혈해물탕
284,"['654017368', '619155455', '579417815', '575707619', '561648896', '547987152', '544330736', '542367556', '541471881', '540536392']",유가네 닭갈비
285,"['632715752', '590101836', '535836052', '512500763', '454877913', '444446025', '331523378', '331166591', '326853895', '323091307']",골목게장
286,"['664630276', '663086778', '663083796', '659545035', '659403883', '659403629', '658198272', '657087407', '656247299', '654491945']",인디언키친
287,"['608800844', '596007585', '547973058', '544801297', '543331200', '542357564', '541107628', '531360319', '531246804', '497060943']",할매 가야 밀면
288,"['670801079', '665952484', '655100388', '652107717', '649057674', '648061891', '648060833', '631095055', '619229462', '614262205']",삼다정
289,"['632716109', '590102085', '448790091', '406859417', '365621327', '324297107', '320361438', '316184314', '314949669', '164361102']",울프하운드 아이리쉬 펍 & 레스토랑
290,"['670594782', '667082321', '634584367', '634309265', '634069593', '633575672', '633542649', '613303959', '612457545', '612456920']",광원
291,"['643177925', '620149674', '615280819', '591286909', '575175916', '564203775', '554126939', '541507379', '534337171', '520130286']",맥파이 제주점
292,"['672784698', '664630980', '664433956', '659759648', '657712805', '655911316', '652071833', '651234549', '649601299', '649253678']",명진전복
293,"['657141706', '654982792', '653793625', '639001599', '638319759', '633709186', '631817012', '631127671', '627648947', '626295873']",올래국수
294,"['666260729', '665958171', '657913571', '654858246', '644643041', '641064886', '636322374', '635570851', '634324903', '632946132']",우진해장국
295,"['636971765', '635701456', '592633567', '590415146', '584674659', '576249734', '561425911', '559315699', '556447785', '506642661']",마초 그릴
296,"['655232803', '623195387', '618389197', '572793206', '572082336', '555258862', '549621853', '547091651', '543134466', '534244338']",부산족발
297,"['547989362', '545933242', '542606410', '541485268', '540600482', '455746417', '447711841', '447397218', '446438578', '436977934']",거인통닭
298,"['662174802', '556581928', '544355669', '502381659', '460011576', '420385288', '383461020', '383001457', '364977931', '356317884']",동래삼계탕
299,"['655387045', '648372744', '644480533', '638320927', '623088931', '620344623', '616133800', '611521237', '605604705', '594679952']",돈사돈
300,"['632717291', '541795980', '347022625', '346843904', '346028994', '344398677', '322527043', '315274569', '314948644', '672029379']",나마스테 해운대점
301,"['632715969', '575706447', '572793050', '427191798', '368308549', '344397813', '308380317', '307938259', '165278262', '165278263']",김밥천국
302,"['670027230', '546927560', '542609496', '541475481', '540539703', '530141597', '529760376', '494446837', '443096924', '442549828']",속씨원한대구탕
303,"['646721930', '619156368', '605660695', '592158613', '585751119', '581084959', '565600713', '563363557', '542609666', '541752557']",매드포갈릭 해운대점
304,"['662319372', '660249066', '655993655', '655128812', '654983606', '653126911', '652353738', '635249664', '633709434', '631817095']",자매국수
305,"['675129520', '662175109', '617884695', '592409092', '561168868', '556739558', '556229898', '541484458', '494760267', '440473799']",서울깍두기
306,"['663350084', '626087544', '624418977', '600779072', '600314718', '600293777', '599749550', '598660902', '590438947', '575173640']",협재화덕 도나토스
307,"['655129167', '653087026', '644446026', '634278641', '597255965', '590420027', '581099309', '580981915', '568187024', '562378673']",흑돈가 제주본점
308,"['632716949', '610350332', '327739532']",제주가 서면점
309,"['661086460', '644884252', '631474913', '574112515', '565577715', '543723467', '542855154', '505702292', '504972165', '469334465']",스시 호시카이
310,"['579770159', '578161309', '548527265', '545400850', '490520501', '468808575', '445504869', '414250945', '368326742', '334875045']",바그다드
311,"['656180516', '649755217', '645318689', '633437121', '633312054', '622125086', '617517722', '613023435', '581100205', '566205178']",삼성혈해물탕
312,"['633709594', '627381364', '609388082', '581099814', '569405620', '561143878', '547477904', '544339898', '532214577', '517260703']",삼대 국수회관
313,"['670447703', '670393264', '665370169', '664583480', '660449577', '659006229', '655910268', '655110149', '654098097', '653797911']",토속촌삼계탕
314,"['633701297', '596068265', '591943793', '565037083', '545868045', '541961806', '541111378', '541096404', '536390117', '431656777']",교촌치킨 홍대점
315,"['625148726', '516490336', '358895689', '329895833', '670332655', '659433828', '654275093', '646370049', '621826761', '597937009']",마칸 할랄 코리안 레스토랑
316,"['675221124', '674539394', '673890391', '665877474', '654984237', '646190219', '623629022', '623056051', '613958622', '604813770']",고집돌우럭
317,"['650842364', '595514917', '578441384', '556299002', '546353976', '509891793', '500855629', '452302921', '447612642', '444816519']",늘봄 흙돼지
318,"['674483587', '672025960', '618340850', '618109609', '603690799', '585259048', '584671020', '580290503', '579747475', '573866515']",모모 카페
319,"['672655420', '672328128', '671255320', '667295624', '657913481', '651360353', '646167103', '642759984', '640525579', '633511464']",서울24시감자탕 서현점
320,"['667724217', '640306515', '617156036', '613345097', '611390243', '603692189', '584096301', '566382736', '564157985', '560171601']",버터핑커 팬케익 분당점
321,"['673432656', '671828888', '634283577', '626315512', '609012617', '607594848', '598421464', '595711729', '589417273', '586522275']",바토스 이태원점
322,"['659702000', '658731667', '633320712', '623958774', '604685580', '586540339', '584097045', '578903825', '552662956', '547667343']",생어거스틴 판교점
323,"['675137054', '671089131', '669333734', '667743866', '666544955', '666544170', '666163157', '661957057', '661302718', '660653801']",바이킹스워프 롯데월드몰점
324,"['656450562', '640114351', '616838981', '605554195', '586379871', '576306665', '571933318', '569395150', '568261434', '564139389']",진옥화할매원조닭한마리
325,"['653662999', '646980751', '640772015', '633876803', '624866442', '616808377', '603162984', '596113295', '582596379', '581577761']",만족오향족발 시청점
326,"['662456839', '621826322', '620901165', '591861941', '559919957', '557021769', '540846890', '538922662', '534746051', '531700688']",그랜드 키친
327,"['655941994', '647902115', '647078613', '640508097', '636376796', '632960594', '613344678', '609097087', '590396202', '580360811']",라세느
328,"['666157823', '654729064', '622804676', '616652672', '612141407', '605553188', '583160439', '545882175', '541061324', '523440625']",단풍나무 집 이태원점
329,"['643407805', '632882915', '593477820', '673131201', '641700874', '604485902', '588690608', '585945229', '582802782', '582731316']",예지식당
330,"['660960480', '653739114', '651360619', '624842961', '623959084', '619002807', '611265334', '604686113', '580284261', '559700239']",매드포갈릭 분당서현점
331,"['358893539', '670332465', '656645005', '653720677', '633718234', '631158738', '625755415', '611873416', '598075382', '579386015']",이드 - 할랄 코리안 푸드
332,"['609504009', '584131917', '582163849', '580918731', '571238297', '569032736', '568857804', '566446406', '566001318', '565586047']",WXYZ바
333,"['669854345', '667292918', '667080074', '652753100', '651929509', '646252421', '630189505', '623885968', '603740838', '603176917']",본수원갈비
334,"['673122869', '670016448', '665798448', '629109174', '599206712', '597189975', '590459811', '590413557', '585209005', '583815710']",신선설농탕 명동점
335,"['658783350', '648630806', '641741347', '624382665', '622538499', '595109508', '587532048', '443414586', '430458642', '382338475']",마츠
336,"['553035956', '541044490', '519743532', '503087134', '480759316', '356007898', '270703700', '163579631', '164359887', '165277276']",필경재
337,"['674293103', '629843474', '560944103', '543554732', '534747245', '533597570', '462509699', '462273197', '417762652', '409070412']",밍글스
338,"['633319691', '503040481', '358891447', '329850099', '295869135', '673633852', '667744379', '632946743', '627770780', '627408013']",콘지하우스 명동
339,"['656489069', '649422003', '639639361', '631440171', '611147611', '582322198', '579545992', '574580516', '565553622', '543767124']",류니끄
340,"['662456839', '621826322', '620901165', '591861941', '559919957', '557021769', '540846890', '538922662', '534746051', '531700688']",그랜드 키친
341,"['672971248', '665456494', '621973534', '605860211', '605812257', '600632368', '598814148', '592985503', '592984748', '592980777']",양국
342,"['660647993', '654025718', '650785859', '643953709', '640622730', '639699778', '629743693', '629245403', '620692481', '616256841']",청초수 물회
343,"['664645190', '646989232', '638442262', '616844823', '594222881', '580357489', '550567752', '548521573', '539955583', '512451890']",오모리 찌개 잠실 본점
344,"['664941955', '621639458', '621009065', '611235467', '610735232', '607871864', '591302964', '570724271', '566822570', '563498495']",진미식당
345,"['672946326', '664352534', '660648425', '655589078', '655091857', '648748476', '643952583', '640623358', '620691508', '619975684']",만석닭강정
346,"['670043031', '666557150', '651364949', '650785544', '650311549', '642719916', '641515794', '633760627', '624571191', '621034111']",만석닭강정 중앙시장분점
347,"['657460472', '655589607', '648731426', '633759938', '629591502', '619976789', '602021031', '592294530', '586666876', '581039975']",88생선구이
348,"['623130133', '617849157', '609502987', '600375612', '576934407', '565718615', '563498718', '561029634', '554777747', '547743938']",대도식당 - 왕십리본점
349,"['660648141', '659397533', '656661430', '655091615', '650632572', '626010805', '619952074', '599223276', '595097403', '593974079']",봉포머구리집
350,"['651879830', '640850480', '593991997', '546583528', '544032386', '542821442', '542198010', '530943313', '526546692', '647203087']",육전식당 1호점
351,"['648433197', '639506869', '597477878', '562788667', '546364919', '545254506', '545153039', '541125881', '481575761', '401067511']",미쓰족발 홍대점
352,"['620888433', '571580413', '539862429', '509270954', '469333517', '469113059', '445435355', '364041088', '360365749', '356993679']",빠르크
353,"['651725010', '647549927', '621629665', '617184249', '611543937', '611311133', '596340882', '577719550', '574907667', '567529761']",구스토 타코
354,"['672493895', '650460455', '603359528', '541367122', '532780723', '511771171', '500104238', '474548946', '377320405', '345721844']",함흥면옥
355,"['665197997', '655775389', '654493653', '651628349', '649414886', '643261737', '640128515', '634611314', '631147199', '629090915']",최고집 홍대점
356,"['659131548', '605226838', '596343968', '593011126', '583180394', '543983876', '541109924', '541095675', '540317297', '529857230']",연남서식당
357,"['655093620', '654624024', '651365070', '651127557', '646153726', '639059266', '639020534', '631121557', '620723630', '590136923']",크라이치즈 버거
358,"['671787904', '633887121', '653400123', '651231369', '633705724', '594190027', '574569661', '557197314', '550395226', '542197929']",지화자
359,"['640922567', '610734996', '607871156', '590430317', '562787493', '544622598', '543926827', '445959814', '439398665', '396692965']",아현동간장게장
360,"['639309129', '604143156', '590002899', '557512957', '507935435', '491696216', '483561140', '479632599', '473488005', '464244333']",죠티인도레스토랑
361,"['668772978', '647129143', '644668972', '640538364', '624865969', '623908511', '617244050', '612305523', '587208714', '564163948']",모모카페 코트야드 서울 남대문
362,"['648433197', '639506869', '597477878', '562788667', '546364919', '545254506', '545153039', '541125881', '481575761', '401067511']",미쓰족발 홍대점
363,"['628232045', '611275615', '604153356', '603709055', '590428071', '580993524', '546929555', '541364492', '492314120', '467100130']",헴라갓
364,"['640922567', '610734996', '607871156', '590430317', '562787493', '544622598', '543926827', '445959814', '439398665', '396692965']",아현동간장게장
365,"['662441488', '655302616', '654883331', '650879308', '638471273', '564868881', '555335398', '548518728', '541754821', '525171252']",피스트
366,"['664941955', '621639458', '621009065', '611235467', '610735232', '607871864', '591302964', '570724271', '566822570', '563498495']",진미식당
367,"['672492898', '584046390', '562449744', '552927106', '543068474', '542822803', '541212464', '394026472', '390307286', '375688583']",홍대 닭갈비
368,"['674290280', '652690382', '648629041', '639554371', '634310000', '630184160', '627160131', '617510479', '616356554', '606891948']",무교동 북어국집
369,"['672491308', '571225825', '561157875', '550314705', '550298783', '548297543', '547963690', '543912188', '543912136', '536295064']",파크카페
370,"['670447703', '670393264', '665370169', '664583480', '660449577', '659006229', '655910268', '655110149', '654098097', '653797911']",토속촌삼계탕
371,"['640992675', '624328056', '550106239', '542546576', '542106582', '530241984', '450451342', '380698540', '343710743', '335885353']",신선설농탕 홍대점
372,"['672491743', '655131435', '638687108', '550358356', '545407514', '542554270', '541937753', '541086305', '537586579', '534062353']",스파카 나폴리
373,"['654035385', '646981227', '640785923', '631800192', '604519445', '579571436', '542635150', '541123596', '533007796', '489336035']",마포만두
374,"['646543113', '638959253', '621742203', '604274256', '596025644', '589040291', '580280291', '579779167', '566403893', '562039627']",황해칼국수
375,"['672494379', '668925912', '546757190', '516159496', '505644370', '405074229', '331344407', '329440656', '328897874', '322305318']",츄리 츄리
376,"['613665042', '603166583', '593519384', '582072983', '581306322', '581178577', '577658296', '577052869', '576355000', '575801496']",랑빠스81
377,"['668797236', '668207935', '656934550', '624302093', '592100829', '558780981', '543718040', '543119646', '542550480', '542340866']",더 신더 바
378,"['665904360', '648743366', '623084802', '605595394', '589646581', '578183257', '566550393', '562461130', '544232221', '541116652']",을밀대
379,"['669858822', '632830654', '620587878', '613310429', '577696809', '574478547', '558582772', '545231295', '541264730', '539049822']",제스트
380,"['647511451', '602595107', '559561409', '552095837', '545267478', '543466891', '523665932', '518616219', '487555587', '454971788']",핏제리아 나폴리
381,"['633882723', '546285077', '544184195', '519892778', '422002743', '421716040', '421714771', '421714658', '421714183', '404854550']",랠리쉬
382,"['616630760', '592097201', '588684401', '566403686', '549246073', '544171377', '543491852', '540087420', '532894966', '507350024']",풀사이드 228
383,"['651899254', '580519063', '569012206', '564152931', '542719122', '541504224', '541107993', '539871213', '529736770', '516093932']",그랜드 카페
384,"['674530546', '666816234', '652023553', '651947870', '651900261', '646706754', '643897245', '639018842', '616630451', '616412234']",신포닭강정
385,"['672373053', '654229772', '642173542', '622264463', '596344598', '588637047', '583160958', '574126423', '553046564', '546898654']",카사블랑카 샌드위치
386,"['655093620', '654624024', '651365070', '651127557', '646153726', '639059266', '639020534', '631121557', '620723630', '590136923']",크라이치즈 버거
387,"['644670229', '554840479', '543490525', '541367028', '541250284', '531118073', '503747205', '493158550', '482083787', '474389894']",모모 카페
388,"['633701297', '596068265', '591943793', '565037083', '545868045', '541961806', '541111378', '541096404', '536390117', '431656777']",교촌치킨 홍대점
389,"['656672066', '640849806', '635916100', '591649759', '543866813', '541112856', '443739357', '414421319', '411789113', '343996771']",팔색삼겹살 - 신촌본점
390,"['664109239', '652881273', '647893580', '636916570', '632832420', '632477593', '611222304', '594782893', '573433095', '564771912']",아리아
391,"['658755814', '620855106', '600035117', '598651343', '597469626', '594276711', '585447867', '580281381', '542726591', '537265606']",Sky Hub Lounge
392,"['673841270', '592294120', '544171930', '542726099', '476315975', '448004634', '426920082', '417010252', '389562965', '384220135']",꽁블
393,"['672397543', '626890433', '589650194', '589406179', '581338126', '581038504', '581030526', '581030397', '581030143', '581029503']",853
394,"['668797236', '668207935', '656934550', '624302093', '592100829', '558780981', '543718040', '543119646', '542550480', '542340866']",더 신더 바
395,"['669854345', '667292918', '667080074', '652753100', '651929509', '646252421', '630189505', '623885968', '603740838', '603176917']",본수원갈비
396,"['667292473', '661575159', '659160180', '659136762', '658766974', '656873891', '656200622', '654882750', '639043520', '631586370']",가보정
397,"['656290974', '654625853', '611267126', '603005857', '582539758', '541038481', '500096022', '493674120', '484780359', '334129895']",연포 갈비
398,"['665392956', '660575357', '642349282', '637144254', '624958534', '601734408', '599763035', '589624492', '582725999', '567785123']",장수삼
399,"['671810930', '666262193', '639703513', '624596843', '622250490', '620380923', '619869338', '599153925', '593208956', '589082255']",발리우드
400,"['662441488', '655302616', '654883331', '650879308', '638471273', '564868881', '555335398', '548518728', '541754821', '525171252']",피스트
401,"['670099812', '669384683', '669294100', '669080580', '667287282', '652765462', '651163847', '650811336', '650808927', '647076489']",더파티 해운대점
402,"['546634470', '308009084', '165277312', '165277314', '165277317', '165277318', '165277320', '665902209', '456565000']",아구랑 꽃게랑
403,"['619803359', '616354498', '585264438', '546188063', '543761369', '543724451', '543262962', '541985200', '540293458', '509238925']",새마을 식당 논현 본점
404,"['673180397', '666315346', '641095337', '640668121', '638111366', '637972930', '637972671', '637970775', '637962722', '636821732']",갈메기 브루어리
405,"['659539968', '659469955', '657154332', '641728919', '639165425', '636377671', '619995375', '611255362', '609459327', '596063614']",오는정김밥
406,"['648287648', '430166612', '323068699', '164361010', '164361012', '164361014', '164361016', '164361018', '666315872', '661572440']",라지마할
407,"['668484711', '644157280', '627939409', '619153633', '618779126', '618388175', '617124958', '616491369', '596342034', '595207287']",본전돼지국밥
408,"['659221210', '650626937', '645498956', '632277449', '611491992', '606604232', '604905683', '583017891', '580726019', '575709299']",송정 3대 국밥
409,"['664332096', '526170393', '522442641', '462425817', '406858532', '401137272', '399523913', '399470198', '372494443', '344395481']",펀자브 인도 요리 전문점
410,"['674073038', '674072987', '643936935', '643716762', '643715861', '643710991', '643482986', '643475764', '642755510', '642352409']",엘피노323
411,"['642580917', '542342816', '540208349', '503028964', '446847755', '394032325', '378243179', '338665268', '637645583', '621845065']",신창 토스트
412,"['655613021', '652857554', '631122911', '625201430', '621990793', '619486452', '619439562', '611810476', '603737567', '602523237']",금수복국 본점
413,"['655941994', '647902115', '647078613', '640508097', '636376796', '632960594', '613344678', '609097087', '590396202', '580360811']",라세느
414,"['574730424', '542608254', '502672811', '454857108', '378246854', '344396998', '314949835', '231198364', '656472409', '633708951']",보이 브라질
415,"['672490029', '655083340', '620808626', '545253357', '544899958', '544317029', '544160245', '543504514', '543366993', '541989507']",안동찜닭
416,"['667076692', '666886784', '657459636', '651980672', '650224386', '645855734', '639936146', '638991366', '630829397', '611395823']",일산칼국수
417,"['668177008', '667288879', '661733140', '659162586', '657712281', '656272178', '641676287', '639359036', '639061238', '634539649']",개미집
418,"['657169432', '655650367', '648504524', '575488842', '569011601', '566945334', '559586554', '556204954', '552115368', '545230528']",온더보더 IFC몰점
419,"['645275013', '641677195', '629978781', '627176829', '625592366', '554303519', '543459221', '542368042', '541753029', '541039943']",오반장
420,"['659139810', '619443388', '619405623', '581035438', '562581662', '549982832', '541889076', '531874940', '528837993', '443096001']",원조전복죽
421,"['669838843', '652472423', '594869739', '570112441', '542395897', '541727273', '541476928', '515342301', '452252694', '327738860']",개미집 서면점
422,"['669838568', '659140771', '618066300', '566394835', '566389373', '541889372', '484014249', '483301983', '481953991', '481824631']",레이블
423,"['672493895', '650460455', '603359528', '541367122', '532780723', '511771171', '500104238', '474548946', '377320405', '345721844']",함흥면옥
424,"['653716615', '639127810', '639125056', '639122306', '629978729', '629977097', '609172422', '607844864', '606909470', '604849690']",안가
425,"['670796043', '647059721', '640605976', '628772828', '628327011', '613869154', '611744503', '599711924', '552644464', '550619109']",라이너스 바베큐
426,"['658815945', '657945501', '657535648', '657465339', '655901668', '655133358', '654213455', '654061227', '654051630', '652505965']",더파티 센텀점
427,"['656672066', '640849806', '635916100', '591649759', '543866813', '541112856', '443739357', '414421319', '411789113', '343996771']",팔색삼겹살 - 신촌본점
428,"['672490029', '655083340', '620808626', '545253357', '544899958', '544317029', '544160245', '543504514', '543366993', '541989507']",안동찜닭
429,"['659539968', '659469955', '657154332', '641728919', '639165425', '636377671', '619995375', '611255362', '609459327', '596063614']",오는정김밥
430,"['672373383', '659122713', '650423972', '645827052', '640616984', '635951962', '635918696', '635137497', '622012531', '609012042']",쟈니덤플링
431,"['657824875', '655781412', '653658928', '642745716', '634270706', '631545149', '629978973', '625202177', '618741478', '618067202']",쌍둥이돼지국밥
432,"['672666004', '666102500', '652880987', '648495926', '646170793', '616415530', '609012319', '597071158', '583661294', '581087074']",자매집
433,"['669847340', '666845276', '662022338', '656864049', '656772106', '655925027', '655783529', '652899458', '650216158', '647888455']",타볼로 24
434,"['669839210', '663864885', '569849958', '556582417', '544618815', '543716270', '506918083', '431696703', '363240121', '165277784']",제주가
435,"['669163406', '668512613', '635583998', '623882892', '581667809', '541059520', '516497821', '484957593', '482204990', '457974284']",황생가칼국수
436,"['647043167', '631120719', '619158385', '618751443', '617827337', '578696225', '576979636', '576166222', '575707197', '572117642']",초량밀면
437,"['574648541', '573874384', '555799402', '543987294', '542340945', '529784027', '413063453', '383460371', '317241486', '255223858']",남포삼계탕
438,"['669839613', '653422207', '594527679', '575696715', '547989204', '543989554', '542608642', '541034710', '534244965', '530794304']",맛찬들왕소금구이 서면점
439,"['643729884', '638797355', '581933056', '544907549', '541112355', '502426113', '500753018', '492340450', '482323086', '456064962']",프로 간장 게장 신사점
440,"['669839962', '654017814', '645077632', '575574117', '552327734', '550352738', '548312232', '545929251', '494980788', '487790435']",버거 앤 파스타
441,"['619695515', '605658440', '591034843', '567576085', '542342377', '468347183', '454877000', '356229422', '338662517', '331121006']",포도청
442,"['632715292', '619435258', '589861891', '537323324', '531049469', '488357243', '479751092', '464419712', '446057498', '414448980']",테스타르도
443,"['669840873', '605647789', '591034689', '541889003', '508258900', '485200325', '458394151', '324551527', '577823379', '571381976']",해운대 스모크하우스
444,"['673671390', '673668897', '649473561', '645471296', '590101587', '580303968', '550416153', '450595392', '344640913', '337383332']",커피 만달레이
445,"['669841243', '582309460', '575574615', '563367527', '547973119', '542608486', '541937963', '536037988', '532477494', '529761947']",설빙 부산본점
446,"['633319691', '503040481', '358891447', '329850099', '295869135', '673633852', '667744379', '632946743', '627770780', '627408013']",콘지하우스 명동
447,"['634539773', '629979040', '618093976', '611442653', '586163321', '583373963', '574648230', '555258507', '549538232', '547989292']",돌고래순두부
448,"['674182830', '672812441', '672489319', '594181335', '484949476', '455532387', '443280632', '424953909', '407768142', '394923177']",피에르 가니에르 서울
449,"['541300019', '541268208', '498833372', '445732363', '354194584', '264579722', '673747158', '663596543', '621170490', '613303744']",트래블메이커
450,"['385100325', '341791658', '641093386', '636364697', '633924990', '633712629', '629960784', '582340961', '572544225', '539878306']",401레스토랑
451,"['674257481', '669952963', '659398972', '659164734', '646979157', '646444949', '640921714', '613991407', '612301637', '611761637']",더 파크뷰
452,"['648496666', '629590133', '627673598', '626892849', '609403992', '593141791', '552128624', '542085118', '541693919', '531708111']",북촌손만두 인사본점
453,"['672701982', '663353344', '650481503', '649864926', '627973556', '552085744', '542965690', '541688108', '540109923', '539093956']",도림
454,"['671819380', '670340318', '664728397', '660468580', '653664783', '650253247', '629998498', '619988714', '569886738', '558905769']",모모야마
455,"['673432656', '671828888', '634283577', '626315512', '609012617', '607594848', '598421464', '595711729', '589417273', '586522275']",바토스 이태원점
456,"['628232045', '611275615', '604153356', '603709055', '590428071', '580993524', '546929555', '541364492', '492314120', '467100130']",헴라갓
457,"['663447477', '659796742', '651607321', '649762043', '635952909', '609404231', '607077062', '599728298', '592121269', '582423197']",순희네 빈대떡
458,"['648496666', '629590133', '627673598', '626892849', '609403992', '593141791', '552128624', '542085118', '541693919', '531708111']",북촌손만두 인사본점
459,"['546307523', '545868713', '511773277', '376920125', '375801588', '323444555', '664766458', '622647152', '621487400', '580005172']",써즈데이 파티 드래프트 하우스
460,"['674567343', '674563749', '668805093', '666286399', '659448725', '659448595', '646225632', '642739176', '640923663', '640239038']",더그리핀바
461,"['651725010', '647549927', '621629665', '617184249', '611543937', '611311133', '596340882', '577719550', '574907667', '567529761']",구스토 타코
462,"['665197997', '655775389', '654493653', '651628349', '649414886', '643261737', '640128515', '634611314', '631147199', '629090915']",최고집 홍대점
463,"['631516372', '621011904', '563794649', '513555660', '483078198', '483077071', '483075414', '480871425', '480843061', '453244640']",왕비집 명동 본점
464,"['672492081', '655110577', '640850134', '572758297', '541117266', '537750455', '531918994', '465518445', '432301718', '348719467']",공릉닭한마리
465,"['674182830', '672812441', '672489319', '594181335', '484949476', '455532387', '443280632', '424953909', '407768142', '394923177']",피에르 가니에르 서울
466,"['675137054', '671089131', '669333734', '667743866', '666544955', '666544170', '666163157', '661957057', '661302718', '660653801']",바이킹스워프 롯데월드몰점
467,"['653117629', '650150696', '647104749', '637723598', '605092932', '599728660', '578690186', '571581004', '564461167', '558903376']",부자피자
468,"['668772978', '647129143', '644668972', '640538364', '624865969', '623908511', '617244050', '612305523', '587208714', '564163948']",모모카페 코트야드 서울 남대문
469,"['672491308', '571225825', '561157875', '550314705', '550298783', '548297543', '547963690', '543912188', '543912136', '536295064']",파크카페
470,"['671787904', '633887121', '653400123', '651231369', '633705724', '594190027', '574569661', '557197314', '550395226', '542197929']",지화자
471,"['669163406', '668512613', '635583998', '623882892', '581667809', '541059520', '516497821', '484957593', '482204990', '457974284']",황생가칼국수
472,"['662441488', '655302616', '654883331', '650879308', '638471273', '564868881', '555335398', '548518728', '541754821', '525171252']",피스트
473,"['672373053', '654229772', '642173542', '622264463', '596344598', '588637047', '583160958', '574126423', '553046564', '546898654']",카사블랑카 샌드위치
474,"['669847340', '666845276', '662022338', '656864049', '656772106', '655925027', '655783529', '652899458', '650216158', '647888455']",타볼로 24
475,"['670362804', '608518548', '532187538', '333431941', '329925224', '329527361', '324041632', '322787668', '311260026', '311167892']",브루 3.15
476,"['673205593', '652934814', '642608500', '635905182', '629843912', '608728415', '594682383', '582533419', '571185189', '564213690']",정식당
477,"['672397543', '626890433', '589650194', '589406179', '581338126', '581038504', '581030526', '581030397', '581030143', '581029503']",853
478,"['638109550', '634523471', '614048799', '584047703', '584047604', '583788408', '581961411', '565658113', '544792765', '544583713']",더 키친 살바토레 쿠오모
479,"['674290280', '652690382', '648629041', '639554371', '634310000', '630184160', '627160131', '617510479', '616356554', '606891948']",무교동 북어국집
480,"['652879658', '651997671', '651689719', '649570099', '648495319', '645977072', '638712805', '634320758', '629417732', '622313940']",브루클린 더버거조인트
481,"['669762788', '644741943', '641449221', '634090360', '572031217', '566829876', '564222172', '560171248', '555545598', '547757255']",브라이 리퍼블릭
482,"['672971248', '665456494', '621973534', '605860211', '605812257', '600632368', '598814148', '592985503', '592984748', '592980777']",양국
483,"['674257481', '669952963', '659398972', '659164734', '646979157', '646444949', '640921714', '613991407', '612301637', '611761637']",더 파크뷰
484,"['640992675', '624328056', '550106239', '542546576', '542106582', '530241984', '450451342', '380698540', '343710743', '335885353']",신선설농탕 홍대점
485,"['639309129', '604143156', '590002899', '557512957', '507935435', '491696216', '483561140', '479632599', '473488005', '464244333']",죠티인도레스토랑
486,"['636398546', '630861418', '594309821', '573817173', '475517946', '457277656', '377482173', '358725006', '328907313', '321032197']",죠티 레스토랑 충무로점
487,"['672491743', '655131435', '638687108', '550358356', '545407514', '542554270', '541937753', '541086305', '537586579', '534062353']",스파카 나폴리
488,"['672487713', '660010370', '651933362', '560760575', '555317848', '550776929', '542353833', '488168750', '465664225', '454926021']",교촌치킨 동대문1호점
489,"['656174136', '600655097', '594931351', '543779331', '371926843', '329924974', '322787973', '320592971', '309179008', '304230405']",카페 공드리
